AA_seq,CloneFreq
CSARGDWSNEQFF,0.138211
CSARLNTEAFF,0.089431
CNIVGTGDRNQPQHF,0.073171
CAAYLQTNTEAFF,0.065041
CASSDGTGFVNTEAFF,0.04878
CSVRVNTEAFF,0.03252
CASSPTPRPHYGYTF,0.02439
CNIVGTGALTDTQYF,0.02439
CASSMSTTWGELFF,0.02439
CASGPGGDTIYF,0.02439
CASSYKEGGSETQYF,0.01626
CASSMSTTSGELFF,0.01626
CASSQVWLAGAPYYEQYF,0.01626
CASSPGQGGFNEQFF,0.01626
CASSLKLALNNEQFF,0.01626
CAWTYSGVANYGYTF,0.01626
CATSSARRQFF,0.01626
CASSSRRSNTEAFF,0.01626
CASEHTGFSYNEQFF,0.01626
CASSYSPSGRGDTQYF,0.01626
CATSRPPDGDTEAFF,0.01626
CASSILGYTEAFF,0.01626
CASSDYAGGYNEQFF,0.01626
CASSPGYTSGLNEQFF,0.01626
CASSFTDTQYF,0.01626
CSVTTGSGNTGELFF,0.01626
CAIGRGGANEKLFF,0.01626
CASSLLSGRGGISGANVLTF,0.01626
CSARDLAGGRSYEQYF,0.01626
CASSLGGSGANVLTF,0.01626
CSVRVNTEAFF,0.00813
CASSDRQGRYTGELFF,0.00813
CSAREDRQNSPLHF,0.00813
CASSQEAPRGRPYEQYF,0.00813
CASSPRENTEAFF,0.00813
CASSLDGNTGELVF,0.00813
CSVHSVGGVETEAFF,0.00813
CASSSTGQETQYF,0.00813
CASSVEGQSDTEAFF,0.00813
CAVRDRESATNEKLFF,0.00813
CASSLNGNTGELFF,0.00813
CASSFGGNEQFF,0.00813
CAEIGDEQFF,0.00813
CASSLRLAGYYNEQFF,0.00813
CSVDHRVSEQFF,0.00813
CSAISLSTEAFF,0.00813
